<?xml version="1.0"?>
<annotation>
  <folder>collection_01/part_3</folder>
  <filename>107.jpg</filename>
  <path/>
  <source>
    <database>Unknown</database>
  </source>
  <size_part>
    <width>128</width>
    <height>128</height>
    <depth>3</depth>
  </size_part>
  <segmented>0</segmented>
  <object>
    <name>D_Dizzy</name>
    <pose>Unspecified</pose>
    <truncated>0</truncated>
    <difficult>0</difficult>
    <bndbox>
      <xmin>0.4488748442691</xmin>
      <ymin>41.154669980274</ymin>
      <xmax>128</xmax>
      <ymax>101.96530120951</ymax>
    </bndbox>
  </object>
</annotation>
