<?xml version="1.0"?>
<annotation>
  <folder>collection_01/part_1</folder>
  <filename>11.jpg</filename>
  <path/>
  <source>
    <database>Unknown</database>
  </source>
  <size_part>
    <width>128</width>
    <height>128</height>
    <depth>3</depth>
  </size_part>
  <segmented>0</segmented>
  <object>
    <name>A_Excellent</name>
    <pose>Unspecified</pose>
    <truncated>0</truncated>
    <difficult>0</difficult>
    <bndbox>
      <xmin>13.631599096761</xmin>
      <ymin>57.739387588248</ymin>
      <xmax>126.93687707641</xmax>
      <ymax>102.39055037895</ymax>
    </bndbox>
  </object>
</annotation>
