<?xml version="1.0"?>
<annotation>
  <folder>collection_01/part_3</folder>
  <filename>157.jpg</filename>
  <path/>
  <source>
    <database>Unknown</database>
  </source>
  <size_part>
    <width>128</width>
    <height>128</height>
    <depth>3</depth>
  </size_part>
  <segmented>0</segmented>
  <object>
    <name>A_Excellent</name>
    <pose>Unspecified</pose>
    <truncated>0</truncated>
    <difficult>0</difficult>
    <bndbox>
      <xmin>12.568476173173</xmin>
      <ymin>30.523440744394</ymin>
      <xmax>106.54854261836</xmax>
      <ymax>93.03506865137</ymax>
    </bndbox>
  </object>
</annotation>
