<?xml version="1.0"?>
<annotation>
  <folder>collection_01/part_3</folder>
  <filename>162.jpg</filename>
  <path/>
  <source>
    <database>Unknown</database>
  </source>
  <size_part>
    <width>128</width>
    <height>128</height>
    <depth>3</depth>
  </size_part>
  <segmented>0</segmented>
  <object>
    <name>D_Dizzy</name>
    <pose>Unspecified</pose>
    <truncated>0</truncated>
    <difficult>0</difficult>
    <bndbox>
      <xmin>18.521964545266</xmin>
      <ymin>12.450351043397</ymin>
      <xmax>112.07678182101</xmax>
      <ymax>97.287560345723</ymax>
    </bndbox>
  </object>
</annotation>
