<?xml version="1.0"?>
<annotation>
  <folder>collection_01/part_3</folder>
  <filename>165.jpg</filename>
  <path/>
  <source>
    <database>Unknown</database>
  </source>
  <size_part>
    <width>128</width>
    <height>128</height>
    <depth>3</depth>
  </size_part>
  <segmented>0</segmented>
  <object>
    <name>A_Excellent</name>
    <pose>Unspecified</pose>
    <truncated>0</truncated>
    <difficult>0</difficult>
    <bndbox>
      <xmin>11.717977834302</xmin>
      <ymin>9.8988560267857</ymin>
      <xmax>97.193060890781</xmax>
      <ymax>115.148025462</ymax>
    </bndbox>
  </object>
</annotation>
