<?xml version="1.0"?>
<annotation>
  <folder>collection_01/part_3</folder>
  <filename>180.jpg</filename>
  <path/>
  <source>
    <database>Unknown</database>
  </source>
  <size_part>
    <width>128</width>
    <height>128</height>
    <depth>3</depth>
  </size_part>
  <segmented>0</segmented>
  <object>
    <name>E_bad</name>
    <pose>Unspecified</pose>
    <truncated>0</truncated>
    <difficult>0</difficult>
    <bndbox>
      <xmin>3.0003698608804</xmin>
      <ymin>35.839055362334</ymin>
      <xmax>128</xmax>
      <ymax>111.95865669124</ymax>
    </bndbox>
  </object>
</annotation>
