<?xml version="1.0"?>
<annotation>
  <folder>collection_01/part_3</folder>
  <filename>182.jpg</filename>
  <path/>
  <source>
    <database>Unknown</database>
  </source>
  <size_part>
    <width>128</width>
    <height>128</height>
    <depth>3</depth>
  </size_part>
  <segmented>0</segmented>
  <object>
    <name>B_Darked</name>
    <pose>Unspecified</pose>
    <truncated>0</truncated>
    <difficult>0</difficult>
    <bndbox>
      <xmin>7.040236970515</xmin>
      <ymin>46.89553376765</ymin>
      <xmax>128</xmax>
      <ymax>108.76928792047</ymax>
    </bndbox>
  </object>
</annotation>
