<?xml version="1.0"?>
<annotation>
  <folder>collection_01/part_3</folder>
  <filename>183.jpg</filename>
  <path/>
  <source>
    <database>Unknown</database>
  </source>
  <size_part>
    <width>128</width>
    <height>128</height>
    <depth>3</depth>
  </size_part>
  <segmented>0</segmented>
  <object>
    <name>B_Darked</name>
    <pose>Unspecified</pose>
    <truncated>0</truncated>
    <difficult>0</difficult>
    <bndbox>
      <xmin>12.993725342608</xmin>
      <ymin>29.03506865137</ymin>
      <xmax>126.96050275125</xmax>
      <ymax>110.2576600135</ymax>
    </bndbox>
  </object>
</annotation>
