<?xml version="1.0"?>
<annotation>
  <folder>collection_01/part_1</folder>
  <filename>19.jpg</filename>
  <path/>
  <source>
    <database>Unknown</database>
  </source>
  <size_part>
    <width>128</width>
    <height>128</height>
    <depth>3</depth>
  </size_part>
  <segmented>0</segmented>
  <object>
    <name>D_Dizzy</name>
    <pose>Unspecified</pose>
    <truncated>0</truncated>
    <difficult>0</difficult>
    <bndbox>
      <xmin>0</xmin>
      <ymin>29.672942405523</ymin>
      <xmax>110.13953488372</xmax>
      <ymax>93.672942405523</ymax>
    </bndbox>
  </object>
</annotation>
