<?xml version="1.0"?>
<annotation>
  <folder>collection_01/part_3</folder>
  <filename>193.jpg</filename>
  <path/>
  <source>
    <database>Unknown</database>
  </source>
  <size_part>
    <width>128</width>
    <height>128</height>
    <depth>3</depth>
  </size_part>
  <segmented>0</segmented>
  <object>
    <name>A_Excellent</name>
    <pose>Unspecified</pose>
    <truncated>0</truncated>
    <difficult>0</difficult>
    <bndbox>
      <xmin>6.4023632163621</xmin>
      <ymin>13.300849382267</ymin>
      <xmax>108.03691471138</xmax>
      <ymax>96.224437422135</ymax>
    </bndbox>
  </object>
</annotation>
