<?xml version="1.0"?>
<annotation>
  <folder>collection_01/part_3</folder>
  <filename>196.jpg</filename>
  <path/>
  <source>
    <database>Unknown</database>
  </source>
  <size_part>
    <width>128</width>
    <height>128</height>
    <depth>3</depth>
  </size_part>
  <segmented>0</segmented>
  <object>
    <name>D_Dizzy</name>
    <pose>Unspecified</pose>
    <truncated>0</truncated>
    <difficult>0</difficult>
    <bndbox>
      <xmin>20.222961223007</xmin>
      <ymin>0.75599888392857</ymin>
      <xmax>86.987080824336</xmax>
      <ymax>85.167959016819</ymax>
    </bndbox>
  </object>
</annotation>
