<?xml version="1.0"?>
<annotation>
  <folder>collection_01/part_3</folder>
  <filename>203.jpg</filename>
  <path/>
  <source>
    <database>Unknown</database>
  </source>
  <size_part>
    <width>126</width>
    <height>128</height>
    <depth>3</depth>
  </size_part>
  <segmented>0</segmented>
  <object>
    <name>D_Dizzy</name>
    <pose>Unspecified</pose>
    <truncated>0</truncated>
    <difficult>0</difficult>
    <bndbox>
      <xmin>20.64527027027</xmin>
      <ymin>1.3938726380814</ymin>
      <xmax>87.050675675676</xmax>
      <ymax>119.82576632579</ymax>
    </bndbox>
  </object>
</annotation>
