<?xml version="1.0"?>
<annotation>
  <folder>collection_01/part_3</folder>
  <filename>205.jpg</filename>
  <path/>
  <source>
    <database>Unknown</database>
  </source>
  <size_part>
    <width>121</width>
    <height>128</height>
    <depth>3</depth>
  </size_part>
  <segmented>0</segmented>
  <object>
    <name>D_Dizzy</name>
    <pose>Unspecified</pose>
    <truncated>0</truncated>
    <difficult>0</difficult>
    <bndbox>
      <xmin>1.653972391085</xmin>
      <ymin>0</ymin>
      <xmax>112.2339372417</xmax>
      <ymax>98.563307854028</ymax>
    </bndbox>
  </object>
</annotation>
