<?xml version="1.0"?>
<annotation>
  <folder>collection_01/part_3</folder>
  <filename>217.jpg</filename>
  <path/>
  <source>
    <database>Unknown</database>
  </source>
  <size_part>
    <width>128</width>
    <height>128</height>
    <depth>3</depth>
  </size_part>
  <segmented>0</segmented>
  <object>
    <name>A_Excellent</name>
    <pose>Unspecified</pose>
    <truncated>0</truncated>
    <difficult>0</difficult>
    <bndbox>
      <xmin>9.166482817691</xmin>
      <ymin>20.317460677949</ymin>
      <xmax>112.50203099045</xmax>
      <ymax>106.00516831914</ymax>
    </bndbox>
  </object>
</annotation>
