<?xml version="1.0"?>
<annotation>
  <folder>collection_01/part_3</folder>
  <filename>228.jpg</filename>
  <path/>
  <source>
    <database>Unknown</database>
  </source>
  <size_part>
    <width>128</width>
    <height>128</height>
    <depth>3</depth>
  </size_part>
  <segmented>0</segmented>
  <object>
    <name>E_bad</name>
    <pose>Unspecified</pose>
    <truncated>0</truncated>
    <difficult>0</difficult>
    <bndbox>
      <xmin>0</xmin>
      <ymin>40.091547056686</ymin>
      <xmax>128</xmax>
      <ymax>100.47692911649</ymax>
    </bndbox>
  </object>
</annotation>
