<?xml version="1.0"?>
<annotation>
  <folder>collection_01/part_3</folder>
  <filename>244.jpg</filename>
  <path/>
  <source>
    <database>Unknown</database>
  </source>
  <size_part>
    <width>128</width>
    <height>128</height>
    <depth>3</depth>
  </size_part>
  <segmented>0</segmented>
  <object>
    <name>A_Excellent</name>
    <pose>Unspecified</pose>
    <truncated>0</truncated>
    <difficult>0</difficult>
    <bndbox>
      <xmin>3.6382436150332</xmin>
      <ymin>13.513473966985</ymin>
      <xmax>114.20302766819</xmax>
      <ymax>113.44702878426</ymax>
    </bndbox>
  </object>
</annotation>
