<?xml version="1.0"?>
<annotation>
  <folder>collection_01/part_3</folder>
  <filename>253.jpg</filename>
  <path/>
  <source>
    <database>Unknown</database>
  </source>
  <size_part>
    <width>128</width>
    <height>128</height>
    <depth>3</depth>
  </size_part>
  <segmented>0</segmented>
  <object>
    <name>A_Excellent</name>
    <pose>Unspecified</pose>
    <truncated>0</truncated>
    <difficult>0</difficult>
    <bndbox>
      <xmin>6.5641025641026</xmin>
      <ymin>5.2877492877493</ymin>
      <xmax>112.68376068376</xmax>
      <ymax>116.14814814815</ymax>
    </bndbox>
  </object>
</annotation>
