<?xml version="1.0"?>
<annotation>
  <folder>collection_01/part_3</folder>
  <filename>267.jpg</filename>
  <path/>
  <source>
    <database>Unknown</database>
  </source>
  <size_part>
    <width>128</width>
    <height>128</height>
    <depth>3</depth>
  </size_part>
  <segmented>0</segmented>
  <object>
    <name>B_Darked</name>
    <pose>Unspecified</pose>
    <truncated>0</truncated>
    <difficult>0</difficult>
    <bndbox>
      <xmin>0</xmin>
      <ymin>47.533407521802</ymin>
      <xmax>112.07678182101</xmax>
      <ymax>108.34403875104</ymax>
    </bndbox>
  </object>
</annotation>
