<?xml version="1.0"?>
<annotation>
  <folder>collection_01/part_1</folder>
  <filename>27.jpg</filename>
  <path/>
  <source>
    <database>Unknown</database>
  </source>
  <size_part>
    <width>128</width>
    <height>128</height>
    <depth>3</depth>
  </size_part>
  <segmented>0</segmented>
  <object>
    <name>B_Darked</name>
    <pose>Unspecified</pose>
    <truncated>0</truncated>
    <difficult>0</difficult>
    <bndbox>
      <xmin>8.103359894103</xmin>
      <ymin>45.832410844061</ymin>
      <xmax>101.0203034157</xmax>
      <ymax>105.79254373443</ymax>
    </bndbox>
  </object>
</annotation>
