<?xml version="1.0"?>
<annotation>
  <folder>collection_01/part_3</folder>
  <filename>295.jpg</filename>
  <path/>
  <source>
    <database>Unknown</database>
  </source>
  <size_part>
    <width>128</width>
    <height>128</height>
    <depth>3</depth>
  </size_part>
  <segmented>0</segmented>
  <object>
    <name>A_Excellent</name>
    <pose>Unspecified</pose>
    <truncated>0</truncated>
    <difficult>0</difficult>
    <bndbox>
      <xmin>7.2528615552326</xmin>
      <ymin>2.669620146387</ymin>
      <xmax>93.365818365864</xmax>
      <ymax>118.12476964805</ymax>
    </bndbox>
  </object>
</annotation>
