<?xml version="1.0"?>
<annotation>
  <folder>collection_01/part_3</folder>
  <filename>296.jpg</filename>
  <path/>
  <source>
    <database>Unknown</database>
  </source>
  <size_part>
    <width>128</width>
    <height>128</height>
    <depth>3</depth>
  </size_part>
  <segmented>0</segmented>
  <object>
    <name>A_Excellent</name>
    <pose>Unspecified</pose>
    <truncated>0</truncated>
    <difficult>0</difficult>
    <bndbox>
      <xmin>5.3392402927741</xmin>
      <ymin>19.892211508513</ymin>
      <xmax>119.09339311669</xmax>
      <ymax>117.06164672446</ymax>
    </bndbox>
  </object>
</annotation>
