<?xml version="1.0"?>
<annotation>
  <folder>collection_01/part_3</folder>
  <filename>303.jpg</filename>
  <path/>
  <source>
    <database>Unknown</database>
  </source>
  <size_part>
    <width>128</width>
    <height>128</height>
    <depth>3</depth>
  </size_part>
  <segmented>0</segmented>
  <object>
    <name>D_Dizzy</name>
    <pose>Unspecified</pose>
    <truncated>0</truncated>
    <difficult>0</difficult>
    <bndbox>
      <xmin>26.389074179817</xmin>
      <ymin>19.892211508513</ymin>
      <xmax>110.80103431271</xmax>
      <ymax>128</ymax>
    </bndbox>
  </object>
</annotation>
