<?xml version="1.0"?>
<annotation>
  <folder>collection_01/part_2</folder>
  <filename>31.jpg</filename>
  <path/>
  <source>
    <database>Unknown</database>
  </source>
  <size_part>
    <width>128</width>
    <height>128</height>
    <depth>3</depth>
  </size_part>
  <segmented>0</segmented>
  <object>
    <name>A_Excellent</name>
    <pose>Unspecified</pose>
    <truncated>0</truncated>
    <difficult>0</difficult>
    <bndbox>
      <xmin>45.100037634967</xmin>
      <ymin>20.104836093231</ymin>
      <xmax>107.39904095723</xmax>
      <ymax>123.1096345515</ymax>
    </bndbox>
  </object>
</annotation>
