<?xml version="1.0"?>
<annotation>
  <folder>collection_01/part_3</folder>
  <filename>324.jpg</filename>
  <path/>
  <source>
    <database>Unknown</database>
  </source>
  <size_part>
    <width>128</width>
    <height>128</height>
    <depth>3</depth>
  </size_part>
  <segmented>0</segmented>
  <object>
    <name>D_Dizzy</name>
    <pose>Unspecified</pose>
    <truncated>0</truncated>
    <difficult>0</difficult>
    <bndbox>
      <xmin>45.525286804402</xmin>
      <ymin>24.357327787583</ymin>
      <xmax>95.704688797757</xmax>
      <ymax>105.36729456499</ymax>
    </bndbox>
  </object>
</annotation>
