<?xml version="1.0"?>
<annotation>
  <folder>collection_01/part_3</folder>
  <filename>325.jpg</filename>
  <path/>
  <source>
    <database>Unknown</database>
  </source>
  <size_part>
    <width>128</width>
    <height>128</height>
    <depth>3</depth>
  </size_part>
  <segmented>0</segmented>
  <object>
    <name>E_bad</name>
    <pose>Unspecified</pose>
    <truncated>0</truncated>
    <difficult>0</difficult>
    <bndbox>
      <xmin>40.209672186462</xmin>
      <ymin>37.540052040075</ymin>
      <xmax>99.106682153239</xmax>
      <ymax>103.66629788725</ymax>
    </bndbox>
  </object>
</annotation>
