<?xml version="1.0"?>
<annotation>
  <folder>collection_01/part_2</folder>
  <filename>34.jpg</filename>
  <path/>
  <source>
    <database>Unknown</database>
  </source>
  <size_part>
    <width>128</width>
    <height>128</height>
    <depth>3</depth>
  </size_part>
  <segmented>0</segmented>
  <object>
    <name>E_bad</name>
    <pose>Unspecified</pose>
    <truncated>0</truncated>
    <difficult>0</difficult>
    <bndbox>
      <xmin>46.564784053156</xmin>
      <ymin>38.81579954838</ymin>
      <xmax>128</xmax>
      <ymax>84.104836093231</ymax>
    </bndbox>
  </object>
</annotation>
