<?xml version="1.0"?>
<annotation>
  <folder>collection_01/part_3</folder>
  <filename>349.jpg</filename>
  <path/>
  <source>
    <database>Unknown</database>
  </source>
  <size_part>
    <width>128</width>
    <height>128</height>
    <depth>3</depth>
  </size_part>
  <segmented>0</segmented>
  <object>
    <name>B_Darked</name>
    <pose>Unspecified</pose>
    <truncated>0</truncated>
    <difficult>0</difficult>
    <bndbox>
      <xmin>29.365818365864</xmin>
      <ymin>34.350683269311</ymin>
      <xmax>128</xmax>
      <ymax>114.93540087728</ymax>
    </bndbox>
  </object>
</annotation>
