<?xml version="1.0"?>
<annotation>
  <folder>collection_01/part_2</folder>
  <filename>36.jpg</filename>
  <path/>
  <source>
    <database>Unknown</database>
  </source>
  <size_part>
    <width>128</width>
    <height>128</height>
    <depth>3</depth>
  </size_part>
  <segmented>0</segmented>
  <object>
    <name>E_bad</name>
    <pose>Unspecified</pose>
    <truncated>0</truncated>
    <difficult>0</difficult>
    <bndbox>
      <xmin>17.671466206395</xmin>
      <ymin>81.765965661337</ymin>
      <xmax>59.133260226329</xmax>
      <ymax>118.55001881748</ymax>
    </bndbox>
  </object>
</annotation>
