<?xml version="1.0"?>
<annotation>
  <folder>collection_01/part_3</folder>
  <filename>376.jpg</filename>
  <path/>
  <source>
    <database>Unknown</database>
  </source>
  <size_part>
    <width>128</width>
    <height>128</height>
    <depth>3</depth>
  </size_part>
  <segmented>0</segmented>
  <object>
    <name>B_Darked</name>
    <pose>Unspecified</pose>
    <truncated>0</truncated>
    <difficult>0</difficult>
    <bndbox>
      <xmin>1.7246223525748</xmin>
      <ymin>33.925434099875</ymin>
      <xmax>128</xmax>
      <ymax>103.45367330253</ymax>
    </bndbox>
  </object>
</annotation>
