<?xml version="1.0"?>
<annotation>
  <folder>collection_01/part_3</folder>
  <filename>377.jpg</filename>
  <path/>
  <source>
    <database>Unknown</database>
  </source>
  <size_part>
    <width>128</width>
    <height>128</height>
    <depth>3</depth>
  </size_part>
  <segmented>0</segmented>
  <object>
    <name>B_Darked</name>
    <pose>Unspecified</pose>
    <truncated>0</truncated>
    <difficult>0</difficult>
    <bndbox>
      <xmin>0</xmin>
      <ymin>40.942045395556</ymin>
      <xmax>99.106682153239</xmax>
      <ymax>117.27427130918</ymax>
    </bndbox>
  </object>
</annotation>
