<?xml version="1.0"?>
<annotation>
  <folder>collection_01/part_3</folder>
  <filename>392.jpg</filename>
  <path/>
  <source>
    <database>Unknown</database>
  </source>
  <size_part>
    <width>128</width>
    <height>128</height>
    <depth>3</depth>
  </size_part>
  <segmented>0</segmented>
  <object>
    <name>D_Dizzy</name>
    <pose>Unspecified</pose>
    <truncated>0</truncated>
    <difficult>0</difficult>
    <bndbox>
      <xmin>28.515320026993</xmin>
      <ymin>32.011812837417</ymin>
      <xmax>106.76116720307</xmax>
      <ymax>128</ymax>
    </bndbox>
  </object>
</annotation>
