<?xml version="1.0"?>
<annotation>
  <folder>collection_01/part_2</folder>
  <filename>4.jpg</filename>
  <path/>
  <source>
    <database>Unknown</database>
  </source>
  <size_part>
    <width>128</width>
    <height>128</height>
    <depth>3</depth>
  </size_part>
  <segmented>0</segmented>
  <object>
    <name>D_Dizzy</name>
    <pose>Unspecified</pose>
    <truncated>0</truncated>
    <difficult>0</difficult>
    <bndbox>
      <xmin>25.538575840947</xmin>
      <ymin>12.662975628115</ymin>
      <xmax>86.349207070183</xmax>
      <ymax>97.50018493044</ymax>
    </bndbox>
  </object>
</annotation>
