<?xml version="1.0"?>
<annotation>
  <folder>collection_01/part_2</folder>
  <filename>40.jpg</filename>
  <path/>
  <source>
    <database>Unknown</database>
  </source>
  <size_part>
    <width>128</width>
    <height>128</height>
    <depth>3</depth>
  </size_part>
  <segmented>0</segmented>
  <object>
    <name>C_Loss</name>
    <pose>Unspecified</pose>
    <truncated>0</truncated>
    <difficult>0</difficult>
    <bndbox>
      <xmin>68.063492784468</xmin>
      <ymin>53.699520478613</ymin>
      <xmax>128</xmax>
      <ymax>128</ymax>
    </bndbox>
  </object>
</annotation>
