<?xml version="1.0"?>
<annotation>
  <folder>collection_01/part_3</folder>
  <filename>409.jpg</filename>
  <path/>
  <source>
    <database>Unknown</database>
  </source>
  <size_part>
    <width>128</width>
    <height>128</height>
    <depth>3</depth>
  </size_part>
  <segmented>0</segmented>
  <object>
    <name>E_bad</name>
    <pose>Unspecified</pose>
    <truncated>0</truncated>
    <difficult>0</difficult>
    <bndbox>
      <xmin>37.232928000415</xmin>
      <ymin>57.739387588248</ymin>
      <xmax>82.521964545266</xmax>
      <ymax>120.25101549522</ymax>
    </bndbox>
  </object>
</annotation>
