<?xml version="1.0"?>
<annotation>
  <folder>collection_01/part_3</folder>
  <filename>421.jpg</filename>
  <path/>
  <source>
    <database>Unknown</database>
  </source>
  <size_part>
    <width>128</width>
    <height>128</height>
    <depth>3</depth>
  </size_part>
  <segmented>0</segmented>
  <object>
    <name>D_Dizzy</name>
    <pose>Unspecified</pose>
    <truncated>0</truncated>
    <difficult>0</difficult>
    <bndbox>
      <xmin>39.146549262874</xmin>
      <ymin>37.540052040075</ymin>
      <xmax>128</xmax>
      <ymax>121.95201217297</ymax>
    </bndbox>
  </object>
</annotation>
