<?xml version="1.0"?>
<annotation>
  <folder>collection_01/part_3</folder>
  <filename>448.jpg</filename>
  <path/>
  <source>
    <database>Unknown</database>
  </source>
  <size_part>
    <width>128</width>
    <height>128</height>
    <depth>3</depth>
  </size_part>
  <segmented>0</segmented>
  <object>
    <name>A_Excellent</name>
    <pose>Unspecified</pose>
    <truncated>0</truncated>
    <difficult>0</difficult>
    <bndbox>
      <xmin>29.578442950581</xmin>
      <ymin>0.54337429921096</ymin>
      <xmax>101.23292800042</xmax>
      <ymax>114.29752712313</ymax>
    </bndbox>
  </object>
</annotation>
