<?xml version="1.0"?>
<annotation>
  <folder>collection_01/part_3</folder>
  <filename>475.jpg</filename>
  <path/>
  <source>
    <database>Unknown</database>
  </source>
  <size_part>
    <width>128</width>
    <height>128</height>
    <depth>3</depth>
  </size_part>
  <segmented>0</segmented>
  <object>
    <name>D_Dizzy</name>
    <pose>Unspecified</pose>
    <truncated>0</truncated>
    <difficult>0</difficult>
    <bndbox>
      <xmin>9.166482817691</xmin>
      <ymin>23.932078618148</ymin>
      <xmax>128</xmax>
      <ymax>75.387228119809</ymax>
    </bndbox>
  </object>
</annotation>
