<?xml version="1.0"?>
<annotation>
  <folder>collection_01/part_1</folder>
  <filename>50.jpg</filename>
  <path/>
  <source>
    <database>Unknown</database>
  </source>
  <size_part>
    <width>128</width>
    <height>128</height>
    <depth>3</depth>
  </size_part>
  <segmented>0</segmented>
  <object>
    <name>A_Excellent</name>
    <pose>Unspecified</pose>
    <truncated>0</truncated>
    <difficult>0</difficult>
    <bndbox>
      <xmin>22.987080824336</xmin>
      <ymin>35.413806192899</ymin>
      <xmax>87.837579163206</xmax>
      <ymax>128</ymax>
    </bndbox>
  </object>
</annotation>
