<?xml version="1.0"?>
<annotation>
  <folder>collection_01/part_3</folder>
  <filename>533.jpg</filename>
  <path/>
  <source>
    <database>Unknown</database>
  </source>
  <size_part>
    <width>128</width>
    <height>128</height>
    <depth>3</depth>
  </size_part>
  <segmented>0</segmented>
  <object>
    <name>A_Excellent</name>
    <pose>Unspecified</pose>
    <truncated>0</truncated>
    <difficult>0</difficult>
    <bndbox>
      <xmin>32.980436306063</xmin>
      <ymin>16.490218153032</ymin>
      <xmax>128</xmax>
      <ymax>108.13141416632</ymax>
    </bndbox>
  </object>
</annotation>
