<?xml version="1.0"?>
<annotation>
  <folder>collection_01/part_3</folder>
  <filename>58.jpg</filename>
  <path/>
  <source>
    <database>Unknown</database>
  </source>
  <size_part>
    <width>128</width>
    <height>128</height>
    <depth>3</depth>
  </size_part>
  <segmented>0</segmented>
  <object>
    <name>C_Loss</name>
    <pose>Unspecified</pose>
    <truncated>0</truncated>
    <difficult>0</difficult>
    <bndbox>
      <xmin>37.445552585133</xmin>
      <ymin>64.543374299211</ymin>
      <xmax>92.515320026993</xmax>
      <ymax>128</ymax>
    </bndbox>
  </object>
</annotation>
