<?xml version="1.0"?>
<annotation>
  <folder>collection_01/part_3</folder>
  <filename>587.jpg</filename>
  <path/>
  <source>
    <database>Unknown</database>
  </source>
  <size_part>
    <width>128</width>
    <height>128</height>
    <depth>3</depth>
  </size_part>
  <segmented>0</segmented>
  <object>
    <name>E_bad</name>
    <pose>Unspecified</pose>
    <truncated>0</truncated>
    <difficult>0</difficult>
    <bndbox>
      <xmin>61.897379827658</xmin>
      <ymin>54.337394232766</ymin>
      <xmax>118.66814394726</xmax>
      <ymax>128</ymax>
    </bndbox>
  </object>
</annotation>
