<?xml version="1.0"?>
<annotation>
  <folder>collection_01/part_3</folder>
  <filename>74.jpg</filename>
  <path/>
  <source>
    <database>Unknown</database>
  </source>
  <size_part>
    <width>128</width>
    <height>128</height>
    <depth>3</depth>
  </size_part>
  <segmented>0</segmented>
  <object>
    <name>A_Excellent</name>
    <pose>Unspecified</pose>
    <truncated>0</truncated>
    <difficult>0</difficult>
    <bndbox>
      <xmin>8.3159844788206</xmin>
      <ymin>46.257660013497</ymin>
      <xmax>78.907346605066</xmax>
      <ymax>128</ymax>
    </bndbox>
  </object>
</annotation>
