<?xml version="1.0"?>
<annotation>
  <folder>collection_01/part_3</folder>
  <filename>80.jpg</filename>
  <path/>
  <source>
    <database>Unknown</database>
  </source>
  <size_part>
    <width>128</width>
    <height>128</height>
    <depth>3</depth>
  </size_part>
  <segmented>0</segmented>
  <object>
    <name>E_bad</name>
    <pose>Unspecified</pose>
    <truncated>0</truncated>
    <difficult>0</difficult>
    <bndbox>
      <xmin>5.1266157080565</xmin>
      <ymin>39.453673302533</ymin>
      <xmax>112.92728015988</xmax>
      <ymax>116.21114838559</ymax>
    </bndbox>
  </object>
</annotation>
