<?xml version="1.0"?>
<annotation>
  <folder>collection_01/part_3</folder>
  <filename>81.jpg</filename>
  <path/>
  <source>
    <database>Unknown</database>
  </source>
  <size_part>
    <width>128</width>
    <height>128</height>
    <depth>3</depth>
  </size_part>
  <segmented>0</segmented>
  <object>
    <name>E_bad</name>
    <pose>Unspecified</pose>
    <truncated>0</truncated>
    <difficult>0</difficult>
    <bndbox>
      <xmin>4.4887419539037</xmin>
      <ymin>60.290882604859</ymin>
      <xmax>126.51162790698</xmax>
      <ymax>109.61978625934</ymax>
    </bndbox>
  </object>
</annotation>
