<?xml version="1.0"?>
<annotation>
  <folder>collection_01/part_1</folder>
  <filename>9.jpg</filename>
  <path/>
  <source>
    <database>Unknown</database>
  </source>
  <size_part>
    <width>128</width>
    <height>128</height>
    <depth>3</depth>
  </size_part>
  <segmented>0</segmented>
  <object>
    <name>A_Excellent</name>
    <pose>Unspecified</pose>
    <truncated>0</truncated>
    <difficult>0</difficult>
    <bndbox>
      <xmin>5.9771140469269</xmin>
      <ymin>42.855666658015</ymin>
      <xmax>128</xmax>
      <ymax>115.78589921615</ymax>
    </bndbox>
  </object>
</annotation>
