<?xml version="1.0"?>
<annotation>
  <folder>collection_01/part_3</folder>
  <filename>99.jpg</filename>
  <path/>
  <source>
    <database>Unknown</database>
  </source>
  <size_part>
    <width>128</width>
    <height>128</height>
    <depth>3</depth>
  </size_part>
  <segmented>0</segmented>
  <object>
    <name>D_Dizzy</name>
    <pose>Unspecified</pose>
    <truncated>0</truncated>
    <difficult>0</difficult>
    <bndbox>
      <xmin>26.389074179817</xmin>
      <ymin>30.523440744394</ymin>
      <xmax>91.239572518688</xmax>
      <ymax>115.36065004672</ymax>
    </bndbox>
  </object>
</annotation>
