<?xml version="1.0"?>
<annotation>
  <folder>collection_01/part_1</folder>
  <filename>gulls-seagull-wings-feather-56593.jpg</filename>
  <path/>
  <source>
    <database>Unknown</database>
  </source>
  <size_part>
    <width>1120</width>
    <height>750</height>
    <depth>3</depth>
  </size_part>
  <segmented>0</segmented>
  <object>
    <name>Long Beak Bird</name>
    <pose>Unspecified</pose>
    <truncated>0</truncated>
    <difficult>0</difficult>
    <bndbox>
      <xmin>828.30675129467</xmin>
      <ymin>45.493194035121</ymin>
      <xmax>1092.3614209985</xmax>
      <ymax>428.14625525961</ymax>
    </bndbox>
  </object>
</annotation>
