<?xml version="1.0"?>
<annotation>
  <folder>collection_01/part_1</folder>
  <filename>pexels-photo-60091.jpg</filename>
  <path/>
  <source>
    <database>Unknown</database>
  </source>
  <size_part>
    <width>1125</width>
    <height>750</height>
    <depth>3</depth>
  </size_part>
  <segmented>0</segmented>
  <object>
    <name>VTP:Vertical Tail Plane</name>
    <pose>Unspecified</pose>
    <truncated>0</truncated>
    <difficult>0</difficult>
    <bndbox>
      <xmin>488</xmin>
      <ymin>245.5</ymin>
      <xmax>674</xmax>
      <ymax>601.5</ymax>
    </bndbox>
  </object>
</annotation>
